PRODUCT NAME,PAGE TITLE,META DESCRIPTION,SALE PRICE,RETAIL PRICE,SKU,CATEGORY,BESTSELLER,LOW STOCK,HMTL DESCRIPTION,HTML DESCRIPTION(FULL),IMAGE0,IMAGE DESCRIPTION0
Blackmores Ginkgo Brahmi 40 Tablets,Buy Blackmores Ginkgo Brahmi 40 Tablets Online at Chemist Warehouse®,"Blackmores Ginkgo BrahmiBlackmores Ginkgo Brahmi contains Ginkgo and Brahmi. Brahmi is an Ayurvedic medicine traditionally used to improve memory and mental capacity. Ginkgo Brahmi may be helpful in times of mental stress.The memory enhancing and cognitive effects of Brahmi (Bacopa monniera) have been attributed to the active components saponins, in particular bacosides A and B. The mode of action is thought to be by the:- Positive influence on many nerve endings found in the brain that are important..",22.49,30.49,43177,Health/Vitamins/Blackmores/Blackmores Brain Health,0,0,"Blackmores Ginkgo Brahmi Blackmores Ginkgo Brahmi contains Ginkgo and Brahmi. Brahmi is an Ayurvedic medicine traditionally used to improve memory and mental capacity. Ginkgo Brahmi may be helpful in times of mental stress. The memory enhancing and cognitive effects of Brahmi (Bacopa monniera) have been attributed to the active components saponins, in particular bacosides A and B. The mode of action is thought to be by the: - Positive influence on many nerve endings found in the brain that are important for memory and cognition - Antioxidant effects by neutralisation of free radical producing metals and by increasing the levels of antioxidant enzymes hence preventing cell damage Ginkgo's (Ginkgo biloba) main neuroprotective and cognitive enhancing effects have been attributed to: - Improvement in brain circulation and associated increases in oxygen and nutrient supply to the central nervous system - Free-radical scavenger activity which helps in reducing cell damage. ","<div class=""product-info-container"" style=""display:block"">
    <div style=""clear:both; height:10px""> </div>
    <section class=""product-info-section description hidden"">
      <h2>Information</h2>
      <div class=""details"" itemprop=""description""></div>
    </section>
    <section class=""product-info-section general-info "">
      <h2>General Information</h2>
      <div class=""details"" itemprop=""description""><b>Blackmores Ginkgo Brahmi</b><br><br>Blackmores Ginkgo Brahmi contains Ginkgo and Brahmi. Brahmi is an Ayurvedic medicine traditionally used to improve memory and mental capacity. Ginkgo Brahmi may be helpful in times of mental stress.<br><br>The memory enhancing and cognitive effects of Brahmi (Bacopa monniera) have been attributed to the active components saponins, in particular bacosides A and B. The mode of action is thought to be by the:<br>- Positive influence on many nerve endings found in the brain that are important for memory and cognition<br>- Antioxidant effects by neutralisation of free radical producing metals and by increasing the levels of antioxidant enzymes hence preventing cell damage<br>Ginkgo's (Ginkgo biloba) main neuroprotective and cognitive enhancing effects have been attributed to:<br>- Improvement in brain circulation and associated increases in oxygen and nutrient supply to the central nervous system<br>- Free-radical scavenger activity which helps in reducing cell damage.</div>
    </section>
    <section class=""product-info-section miscellaneous hidden"">
      <h2>Miscellaneous</h2>
      <div class=""details"" itemprop=""description""></div>
    </section>
    <section class=""product-info-section druginteractions hidden"">
      <h2>Drug Interactions</h2>
      <div class=""details"" itemprop=""description""></div>
    </section>
    <section class=""product-info-section warnings hidden"">
      <h2>Warnings</h2>
      <div class=""details"" itemprop=""description""></div>
    </section>
    <section class=""product-info-section commonuses hidden"">
      <h2>Common Uses</h2>
      <div class=""details"" itemprop=""description""></div>
    </section>
    <section class=""product-info-section ingredients "">
      <h2>Ingredients</h2>
      <div class=""details"" itemprop=""description"">Active ingredients per tablet:
Bacopa monnieri (Brahmi) extract equiv. to
dry whole plant 3g (3000mg),
(stand. to contain bacosides 67.5mg);
Ginkgo biloba (Ginkgo) extract equiv. to 
dry leaf 3g (3000mg),
(stand. to contain ginkgo flavonglycosides 16mg and ginkgolides and bilobalide 4mg).</div>
    </section>
    <section class=""product-info-section directions "">
      <h2>Directions</h2>
      <div class=""details"" itemprop=""description"">Adults:
Take one tablet twice daily with meals, or as professionally prescribed.
<br><br>
Not recommended for children under 12 years.</div>
    </section>
    <section class=""product-info-section indications hidden"">
      <h2>Indications</h2>
      <div class=""details"" itemprop=""description""></div>
    </section>  
  </div>",https://static.chemistwarehouse.com.au/ams/media/pi/43177/F2D_800.jpg,Blackmores Ginkgo Brahmi 40 Tablets
Blackmores Glucosamine + Fish Oil 90 Capsules,Buy Blackmores Glucosamine + Fish Oil 90 Capsules Online at Chemist Warehouse®,"Glucosamine is naturally produced in the body and is a key component of cartilage, which is essential for normal joint function. Taking glucosamine as a supplement has been shown to be as effective as some drugs for the relief of symptoms associated with degenerative joint conditions such as osteoarthritis. Fish oil is extracted from cold water fish and is a natural source of marine omega-3 fatty acids. Omega-3 fatty acids are important for cardiovascular health as well as normal eye and brain function...",19.99,26.99,50336,"Health/Vitamins/Blackmores/Blackmores Arthritis, Joint, Bone & Muscle",0,1,"Glucosamine is naturally produced in the body and is a key component of cartilage, which is essential for normal joint function. Taking glucosamine as a supplement has been shown to be as effective as some drugs for the relief of symptoms associated with degenerative joint conditions such as osteoarthritis. Fish oil is extracted from cold water fish and is a natural source of marine omega-3 fatty acids. Omega-3 fatty acids are important for cardiovascular health as well as normal eye and brain function. Blackmores Glucosamine + Fish Oil combines a clinically proven dose of glucosamine with high quality fish oil to provide effective and convenient arthritis pain relief. Features and benefits Combined arthritis pain relief Natural source of omega-3 fatty acids Results expected after 2-4 weeks Slows the progression of osteoarthritis Helps to increase joint mobility and reduce joint stiffness Helps to reduce joint inflammation and swelling Helps to reduce cartilage wear How it works Glucosamine is formed in the body from glucose and the amino acid glutamine, and is a key part of the structure of cartilage, which is essential for proper joint function. As we get older, cartilage becomes more susceptible to breakdown and damage, which may result in the typical symptoms of osteoarthritis. Supplementary glucosamine can be an important source of this vital amino sugar. Researchers found that 55% of patients with osteoarthritis of the knees had a clinically significant improvement in pain and mobility after a period of four weeks using glucosamine sulfate 1500mg (500mg three times daily) Fish Oil contains the omega-3 fatty acids EPA and DHA, and can be taken as a dietary supplement. ","<div class=""product-info-container"" style=""display:block"">
    <div style=""clear:both; height:10px""> </div>
    <section class=""product-info-section description hidden"">
      <h2>Information</h2>
      <div class=""details"" itemprop=""description""></div>
    </section>
    <section class=""product-info-section general-info "">
      <h2>General Information</h2>
      <div class=""details"" itemprop=""description"">Glucosamine is naturally produced in the body and is a key component of cartilage, which is essential for normal joint function. Taking glucosamine as a supplement has been shown to be as effective as some drugs for the relief of symptoms associated with degenerative joint conditions such as osteoarthritis. Fish oil is extracted from cold water fish and is a natural source of marine omega-3 fatty acids. Omega-3 fatty acids are important for cardiovascular health as well as normal eye and brain function. Blackmores Glucosamine + Fish Oil combines a clinically proven dose of glucosamine with high quality fish oil to provide effective and convenient arthritis pain relief. <br><br>Features and benefits<br>Combined arthritis pain relief <br>Natural source of omega-3 fatty acids <br>Results expected after 2-4 weeks <br>Slows the progression of osteoarthritis <br>Helps to increase joint mobility and reduce joint stiffness <br>Helps to reduce joint inflammation and swelling <br>Helps to reduce cartilage wear<br><br>How it works<br>Glucosamine is formed in the body from glucose and the amino acid glutamine, and is a key part of the structure of cartilage, which is essential for proper joint function. As we get older, cartilage becomes more susceptible to breakdown and damage, which may result in the typical symptoms of osteoarthritis. Supplementary glucosamine can be an important source of this vital amino sugar. Researchers found that 55% of patients with osteoarthritis of the knees had a clinically significant improvement in pain and mobility after a period of four weeks using glucosamine sulfate 1500mg (500mg three times daily)<br><br>Fish Oil contains the omega-3 fatty acids EPA and DHA, and can be taken as a dietary supplement. <br></div>
    </section>
    <section class=""product-info-section miscellaneous hidden"">
      <h2>Miscellaneous</h2>
      <div class=""details"" itemprop=""description""></div>
    </section>
    <section class=""product-info-section druginteractions hidden"">
      <h2>Drug Interactions</h2>
      <div class=""details"" itemprop=""description""></div>
    </section>
    <section class=""product-info-section warnings hidden"">
      <h2>Warnings</h2>
      <div class=""details"" itemprop=""description""></div>
    </section>
    <section class=""product-info-section commonuses hidden"">
      <h2>Common Uses</h2>
      <div class=""details"" itemprop=""description""></div>
    </section>
    <section class=""product-info-section ingredients "">
      <h2>Ingredients</h2>
      <div class=""details"" itemprop=""description"">Glucosamine sulfate sodium chloride complex 650mg
Equivalent to glucosamine sulfate 500mg<br><br>
Fish Oil (natural) 500mg
Containing omega-3 marine triglycerides 150mg as:
Eicosapentaenoic Acid (EPA) 90mg
Docosahexaenoic Acid (DHA) 60mg</div>
    </section>
    <section class=""product-info-section directions "">
      <h2>Directions</h2>
      <div class=""details"" itemprop=""description"">Adults - Take 3 capsules a day with food, or as professionally prescribed.<br><br>
Children (under 12 years) - Consult with a healthcare professional before use.
</div>
    </section>
    <section class=""product-info-section indications hidden"">
      <h2>Indications</h2>
      <div class=""details"" itemprop=""description""></div>
    </section>  
  </div>",https://static.chemistwarehouse.com.au/ams/media/pi/50336/F2D_800.jpg,Blackmores Glucosamine + Fish Oil 90 Capsules
Blackmores Lyprinol Double 30,Buy Blackmores Lyprinol Double 30 Online at Chemist Warehouse®,Blackmores LYPRINOL is an anti-inflammatory supplement that contains a unique patented marine lipid extract of greenlipped mussel. There are countless species of mussels all over the world; however it is only the fatty acid extract from the greenlipped mussel (Perna canaliculus) that contains this unique group of fatty acids. The species of green-lipped mussel used in LYPRINOL is found in the waters of New Zealand. Research into its therapeutic properties was prompted by fi ndings that the reported..,36.49,51.99,69687,"Health/Vitamins/Blackmores/Blackmores Arthritis, Joint, Bone & Muscle/Blackmores Lyprinol",0,0,"Blackmores LYPRINOL is an anti-inflammatory supplement that contains a unique patented marine lipid extract of greenlipped mussel. There are countless species of mussels all over the world; however it is only the fatty acid extract from the greenlipped mussel (Perna canaliculus) that contains this unique group of fatty acids.  The species of green-lipped mussel used in LYPRINOL is found in the waters of New Zealand. Research into its therapeutic properties was prompted by fi ndings that the reported incidence of arthritis is extremely low in coastal-dwelling Maoris, who consume large amounts of green-lipped mussels, whereas Maoris who reside in the interior have the same incidence of arthritis as New Zealanders of European origin.  LYPRINOL may help to reduce infl ammation and swelling by inhibiting the action of the enzymes involved in infl ammatory pathways (called the LOX and COX pathways). Studies have found LYPRINOL helps to relieve joint pain, joint tenderness and morning stiffness of arthritis. Joint function was also noted to improve. ","<div class=""product-info-container"" style=""display:block"">
    <div style=""clear:both; height:10px""> </div>
    <section class=""product-info-section description hidden"">
      <h2>Information</h2>
      <div class=""details"" itemprop=""description""></div>
    </section>
    <section class=""product-info-section general-info "">
      <h2>General Information</h2>
      <div class=""details"" itemprop=""description""><p>Blackmores LYPRINOL is an anti-inflammatory supplement that contains a unique patented marine lipid extract of greenlipped mussel. There are countless species of mussels all over the world; however it is only the fatty acid extract from the greenlipped mussel (Perna canaliculus) that contains this unique group of fatty acids.</p>
<p>The species of green-lipped mussel used in LYPRINOL is found in the waters of New Zealand. Research into its therapeutic properties was prompted by fi ndings that the reported incidence of arthritis is extremely low in coastal-dwelling Maoris, who consume large amounts of green-lipped mussels, whereas Maoris who reside in the interior have the same incidence of arthritis as New Zealanders of European origin.</p>
<p>LYPRINOL may help to reduce infl ammation and swelling by inhibiting the action of the enzymes involved in infl ammatory pathways (called the LOX and COX pathways). Studies have found LYPRINOL helps to relieve joint pain, joint tenderness and morning stiffness of arthritis. Joint function was also noted to improve.</p></div>
    </section>
    <section class=""product-info-section miscellaneous hidden"">
      <h2>Miscellaneous</h2>
      <div class=""details"" itemprop=""description""></div>
    </section>
    <section class=""product-info-section druginteractions hidden"">
      <h2>Drug Interactions</h2>
      <div class=""details"" itemprop=""description""></div>
    </section>
    <section class=""product-info-section warnings "">
      <h2>Warnings</h2>
      <div class=""details"" itemprop=""description""><ul>
<li>Not recommended for people with seafood allergies. This product contains a seafood-derived material</li>
<li>If symptoms persist see your healthcare professional</li></ul></div>
    </section>
    <section class=""product-info-section commonuses hidden"">
      <h2>Common Uses</h2>
      <div class=""details"" itemprop=""description""></div>
    </section>
    <section class=""product-info-section ingredients "">
      <h2>Ingredients</h2>
      <div class=""details"" itemprop=""description""><p>Marine lipid PCSO-524 Oil extract(Green Lipped mussel oil)<br>(A specialised extract of NZ Perna canaliculus)</p>
<p>No added yeast, gluten, wheat, milk derivatives, preservatives, artifi cial colours,<br>fl avours or sweeteners.</p></div>
    </section>
    <section class=""product-info-section directions "">
      <h2>Directions</h2>
      <div class=""details"" itemprop=""description""><p><strong>Adults</strong> - The recommended starting dose is 2 capsules twice a day with meals in the morning and evening, for up to 8 weeks. After the initial 8 weeks take 1 capsule twice a day with meals, or as professionally prescribed.</p>
<p><strong>Children 2-12 years.</strong> Don't bite or chew (non-burstable) - Take 1/2 the adult dose, or as professionally prescribed. Capsule contents may be squeezed into juice, milk or cereal, or capsule swallowed whole with yoghurt.</p></div>
    </section>
    <section class=""product-info-section indications hidden"">
      <h2>Indications</h2>
      <div class=""details"" itemprop=""description""></div>
    </section>  
  </div>",https://static.chemistwarehouse.com.au/ams/media/pi/69687/F2D_800.jpg,Blackmores Lyprinol Double 30
Blackmores K2 180mcg 30 Melts,Buy Blackmores K2 180mcg 30 Melts Online at Chemist Warehouse®,,18.49,24.99,83351,"Health/Vitamins/Blackmores/Blackmores Arthritis, Joint, Bone & Muscle",0,0,,"<div class=""product-info-container"" style=""display:none"">
    <div style=""clear:both; height:10px""> </div>
    <section class=""product-info-section description hidden"">
      <h2>Information</h2>
      <div class=""details"" itemprop=""description""></div>
    </section>
    <section class=""product-info-section general-info hidden"">
      <h2>General Information</h2>
      <div class=""details"" itemprop=""description""></div>
    </section>
    <section class=""product-info-section miscellaneous hidden"">
      <h2>Miscellaneous</h2>
      <div class=""details"" itemprop=""description""></div>
    </section>
    <section class=""product-info-section druginteractions hidden"">
      <h2>Drug Interactions</h2>
      <div class=""details"" itemprop=""description""></div>
    </section>
    <section class=""product-info-section warnings hidden"">
      <h2>Warnings</h2>
      <div class=""details"" itemprop=""description""></div>
    </section>
    <section class=""product-info-section commonuses hidden"">
      <h2>Common Uses</h2>
      <div class=""details"" itemprop=""description""></div>
    </section>
    <section class=""product-info-section ingredients hidden"">
      <h2>Ingredients</h2>
      <div class=""details"" itemprop=""description""></div>
    </section>
    <section class=""product-info-section directions hidden"">
      <h2>Directions</h2>
      <div class=""details"" itemprop=""description""></div>
    </section>
    <section class=""product-info-section indications hidden"">
      <h2>Indications</h2>
      <div class=""details"" itemprop=""description""></div>
    </section>  
  </div>",https://static.chemistwarehouse.com.au/ams/media/pi/83351/F2D_800.jpg,Blackmores K2 180mcg 30 Melts
Blackmores Magnesium Powder 150g,Buy Blackmores Magnesium Powder 150g Online at Chemist Warehouse®,"Blackmores Magnesium Powder 150mgBlackmores Magnesium Powder provides an easily absorbed form of magnesium. This formula also contains amino acids and B vitamins to assist with the production of energy during exercise. Blackmores Magnesium Powder may help to relieve muscular cramps and spasms and is available in a great tasting orange flavour that contains no artificial flavours, colours or sweeteners.",26.99,36.49,56717,"Health/Vitamins/Blackmores/Blackmores Arthritis, Joint, Bone & Muscle",0,0,"Blackmores Magnesium Powder 150mg Blackmores Magnesium Powder provides an easily absorbed form of magnesium. This formula also contains amino acids and B vitamins to assist with the production of energy during exercise. Blackmores Magnesium Powder may help to relieve muscular cramps and spasms and is available in a great tasting orange flavour that contains no artificial flavours, colours or sweeteners. ","<div class=""product-info-container"" style=""display:block"">
    <div style=""clear:both; height:10px""> </div>
    <section class=""product-info-section description hidden"">
      <h2>Information</h2>
      <div class=""details"" itemprop=""description""></div>
    </section>
    <section class=""product-info-section general-info "">
      <h2>General Information</h2>
      <div class=""details"" itemprop=""description""><b>Blackmores Magnesium Powder 150mg</b><br><br>Blackmores Magnesium Powder provides an easily absorbed form of <br>magnesium. This formula also contains amino acids and B vitamins <br>to assist with the production of energy during exercise. Blackmores <br>Magnesium Powder may help to relieve muscular cramps and <br>spasms and is available in a great tasting orange flavour that <br>contains no artificial flavours, colours or sweeteners.</div>
    </section>
    <section class=""product-info-section miscellaneous hidden"">
      <h2>Miscellaneous</h2>
      <div class=""details"" itemprop=""description""></div>
    </section>
    <section class=""product-info-section druginteractions hidden"">
      <h2>Drug Interactions</h2>
      <div class=""details"" itemprop=""description""></div>
    </section>
    <section class=""product-info-section warnings hidden"">
      <h2>Warnings</h2>
      <div class=""details"" itemprop=""description""></div>
    </section>
    <section class=""product-info-section commonuses hidden"">
      <h2>Common Uses</h2>
      <div class=""details"" itemprop=""description""></div>
    </section>
    <section class=""product-info-section ingredients hidden"">
      <h2>Ingredients</h2>
      <div class=""details"" itemprop=""description""></div>
    </section>
    <section class=""product-info-section directions "">
      <h2>Directions</h2>
      <div class=""details"" itemprop=""description"">Adults: Add 5 g (1 metric heaped teaspoon) to cold beverages. Stir 
and serve. Take once daily with meals or as professionally 
described.
Children 6-12 years: We recommend Blackmores Magnesium 
Compound</div>
    </section>
    <section class=""product-info-section indications hidden"">
      <h2>Indications</h2>
      <div class=""details"" itemprop=""description""></div>
    </section>  
  </div>",https://static.chemistwarehouse.com.au/ams/media/pi/56717/F2D_800.jpg,Blackmores Magnesium Powder 150g
Blackmores Bio Magnesium 50 Tablets,Buy Blackmores Bio Magnesium 50 Tablets Online at Chemist Warehouse®,"Blackmores Bio MagnesiumMany adolescent girls, women and men may not get enough magnesium in their diets. Deficiency is most prevalent in men and women aged 45 plus. Bio Magnesium is a supplement to aid in the prevention of magnesium deficiency states. If the body is low in magnesium it is forced to take it from muscles and without enough magnesium in muscles they stiffen up or contract at liberty. The result may be painful cramps, irritability, twitching or even tremors. Sufficient magnesium helps..",15.49,19.49,31320,"Health/Vitamins/Blackmores/Blackmores Arthritis, Joint, Bone & Muscle",0,0,"Blackmores Bio Magnesium Many adolescent girls, women and men may not get enough magnesium in their diets. Deficiency is most prevalent in men and women aged 45 plus. Bio Magnesium is a supplement to aid in the prevention of magnesium deficiency states. If the body is low in magnesium it is forced to take it from muscles and without enough magnesium in muscles they stiffen up or contract at liberty. The result may be painful cramps, irritability, twitching or even tremors. Sufficient magnesium helps all muscles in the body to function optimally. Medical studies have shown calcium and magnesium to have a favourable impact on bone integrity and Bio Magnesium contains both calcium and magnesium for this purpose. Magnesium is essential for the electrical activity of nerves and muscle, and is indicated to relieve painful cramps (including menstrual cramps), twitching and tremors. Together with calcium, magnesium plays an integral role in tooth and bone hardness. Other nutrients present in Bio Magnesium also assist muscle function and include vitamins C and D (low intake has been associated with muscle fatigue), vitamin B6 and the mineral manganese which is involved in active phosphate transfer processes to provide muscle energy. ","<div class=""product-info-container"" style=""display:block"">
    <div style=""clear:both; height:10px""> </div>
    <section class=""product-info-section description hidden"">
      <h2>Information</h2>
      <div class=""details"" itemprop=""description""></div>
    </section>
    <section class=""product-info-section general-info "">
      <h2>General Information</h2>
      <div class=""details"" itemprop=""description""><b>Blackmores Bio Magnesium</b><br><br>Many adolescent girls, women and men may not get enough magnesium in their diets. Deficiency is most prevalent in men and women aged 45 plus. Bio Magnesium is a supplement to aid in the prevention of magnesium deficiency states. If the body is low in magnesium it is forced to take it from muscles and without enough magnesium in muscles they stiffen up or contract at liberty. The result may be painful cramps, irritability, twitching or even tremors. Sufficient magnesium helps all muscles in the body to function optimally. Medical studies have shown calcium and magnesium to have a favourable impact on bone integrity and Bio Magnesium contains both calcium and magnesium for this purpose.<br><br>Magnesium is essential for the electrical activity of nerves and muscle, and is indicated to relieve painful cramps (including menstrual cramps), twitching and tremors. Together with calcium, magnesium plays an integral role in tooth and bone hardness.<br>Other nutrients present in Bio Magnesium also assist muscle function and include vitamins C and D (low intake has been associated with muscle fatigue), vitamin B6 and the mineral manganese which is involved in active phosphate transfer processes to provide muscle energy.</div>
    </section>
    <section class=""product-info-section miscellaneous hidden"">
      <h2>Miscellaneous</h2>
      <div class=""details"" itemprop=""description""></div>
    </section>
    <section class=""product-info-section druginteractions hidden"">
      <h2>Drug Interactions</h2>
      <div class=""details"" itemprop=""description""></div>
    </section>
    <section class=""product-info-section warnings "">
      <h2>Warnings</h2>
      <div class=""details"" itemprop=""description"">This product contains pyridoxine hydrochloride which may be dangerous when used in large amounts or for a long time.</div>
    </section>
    <section class=""product-info-section commonuses hidden"">
      <h2>Common Uses</h2>
      <div class=""details"" itemprop=""description""></div>
    </section>
    <section class=""product-info-section ingredients "">
      <h2>Ingredients</h2>
      <div class=""details"" itemprop=""description"">Active ingredients per tablet:
Magnesium oxide - heavy 440mg,
Magnesium phosphate 175mg,
(equiv. to total magnesium 300mg);
Calcium ascorbate 250mg;
Vitamin B6 (Pyridoxine hydrochloride) 50mg;
Vitamin D3 (Colecalciferol 2.5mcg) 100IU;
Manganese amino acid chelate 40mg,
(equiv. to manganese 4mg).</div>
    </section>
    <section class=""product-info-section directions "">
      <h2>Directions</h2>
      <div class=""details"" itemprop=""description"">Adults:
Take one to two tablets daily with meals, or as professionally prescribed.
<br><br>
Children under 12 years:
As professionally prescribed.</div>
    </section>
    <section class=""product-info-section indications hidden"">
      <h2>Indications</h2>
      <div class=""details"" itemprop=""description""></div>
    </section>  
  </div>",https://static.chemistwarehouse.com.au/ams/media/pi/31320/F2D_800.jpg,Blackmores Bio Magnesium 50 Tablets
Blackmores Superkids Immune 60 Chewables,Buy Blackmores Superkids Immune 60 Chewables Online at Chemist Warehouse®,,8.99,14.99,84393,Health/Vitamins/Blackmores/Blackmores Children's Health,0,0,,"<div class=""product-info-container"" style=""display:none"">
    <div style=""clear:both; height:10px""> </div>
    <section class=""product-info-section description hidden"">
      <h2>Information</h2>
      <div class=""details"" itemprop=""description""></div>
    </section>
    <section class=""product-info-section general-info hidden"">
      <h2>General Information</h2>
      <div class=""details"" itemprop=""description""></div>
    </section>
    <section class=""product-info-section miscellaneous hidden"">
      <h2>Miscellaneous</h2>
      <div class=""details"" itemprop=""description""></div>
    </section>
    <section class=""product-info-section druginteractions hidden"">
      <h2>Drug Interactions</h2>
      <div class=""details"" itemprop=""description""></div>
    </section>
    <section class=""product-info-section warnings hidden"">
      <h2>Warnings</h2>
      <div class=""details"" itemprop=""description""></div>
    </section>
    <section class=""product-info-section commonuses hidden"">
      <h2>Common Uses</h2>
      <div class=""details"" itemprop=""description""></div>
    </section>
    <section class=""product-info-section ingredients hidden"">
      <h2>Ingredients</h2>
      <div class=""details"" itemprop=""description""></div>
    </section>
    <section class=""product-info-section directions hidden"">
      <h2>Directions</h2>
      <div class=""details"" itemprop=""description""></div>
    </section>
    <section class=""product-info-section indications hidden"">
      <h2>Indications</h2>
      <div class=""details"" itemprop=""description""></div>
    </section>  
  </div>",https://static.chemistwarehouse.com.au/ams/media/pi/84393/F2D_800.jpg,Blackmores Superkids Immune 60 Chewables
Blackmores Superkids Growing Bones 60 Chewables,Buy Blackmores Superkids Growing Bones 60 Chewables Online at Chemist Warehouse®,,8.99,14.99,84391,Health/Vitamins/Blackmores/Blackmores Children's Health,0,0,,"<div class=""product-info-container"" style=""display:none"">
    <div style=""clear:both; height:10px""> </div>
    <section class=""product-info-section description hidden"">
      <h2>Information</h2>
      <div class=""details"" itemprop=""description""></div>
    </section>
    <section class=""product-info-section general-info hidden"">
      <h2>General Information</h2>
      <div class=""details"" itemprop=""description""></div>
    </section>
    <section class=""product-info-section miscellaneous hidden"">
      <h2>Miscellaneous</h2>
      <div class=""details"" itemprop=""description""></div>
    </section>
    <section class=""product-info-section druginteractions hidden"">
      <h2>Drug Interactions</h2>
      <div class=""details"" itemprop=""description""></div>
    </section>
    <section class=""product-info-section warnings hidden"">
      <h2>Warnings</h2>
      <div class=""details"" itemprop=""description""></div>
    </section>
    <section class=""product-info-section commonuses hidden"">
      <h2>Common Uses</h2>
      <div class=""details"" itemprop=""description""></div>
    </section>
    <section class=""product-info-section ingredients hidden"">
      <h2>Ingredients</h2>
      <div class=""details"" itemprop=""description""></div>
    </section>
    <section class=""product-info-section directions hidden"">
      <h2>Directions</h2>
      <div class=""details"" itemprop=""description""></div>
    </section>
    <section class=""product-info-section indications hidden"">
      <h2>Indications</h2>
      <div class=""details"" itemprop=""description""></div>
    </section>  
  </div>",https://static.chemistwarehouse.com.au/ams/media/pi/84391/F2D_800.jpg,Blackmores Superkids Growing Bones 60 Chewables
Blackmores Probiotics+ Adults Daily 90 Capsules,Buy Blackmores Probiotics+ Adults Daily 90 Capsules Online at Chemist Warehouse®,,36.99,64.99,82129,Health/Vitamins/Blackmores/Blackmores Probiotics+,0,0,,"<div class=""product-info-container"" style=""display:none"">
    <div style=""clear:both; height:10px""> </div>
    <section class=""product-info-section description hidden"">
      <h2>Information</h2>
      <div class=""details"" itemprop=""description""></div>
    </section>
    <section class=""product-info-section general-info hidden"">
      <h2>General Information</h2>
      <div class=""details"" itemprop=""description""></div>
    </section>
    <section class=""product-info-section miscellaneous hidden"">
      <h2>Miscellaneous</h2>
      <div class=""details"" itemprop=""description""></div>
    </section>
    <section class=""product-info-section druginteractions hidden"">
      <h2>Drug Interactions</h2>
      <div class=""details"" itemprop=""description""></div>
    </section>
    <section class=""product-info-section warnings hidden"">
      <h2>Warnings</h2>
      <div class=""details"" itemprop=""description""></div>
    </section>
    <section class=""product-info-section commonuses hidden"">
      <h2>Common Uses</h2>
      <div class=""details"" itemprop=""description""></div>
    </section>
    <section class=""product-info-section ingredients hidden"">
      <h2>Ingredients</h2>
      <div class=""details"" itemprop=""description""></div>
    </section>
    <section class=""product-info-section directions hidden"">
      <h2>Directions</h2>
      <div class=""details"" itemprop=""description""></div>
    </section>
    <section class=""product-info-section indications hidden"">
      <h2>Indications</h2>
      <div class=""details"" itemprop=""description""></div>
    </section>  
  </div>",https://static.chemistwarehouse.com.au/ams/media/pi/82129/F2D_800.jpg,Blackmores Probiotics+ Adults Daily 90 Capsules
Blackmores Sugar Balance 90 Tablets,Buy Blackmores Sugar Balance 90 Tablets Online at Chemist Warehouse®,,16.99,21.99,61715,Health/Vitamins/Blackmores/Blackmores Weight Management,0,0,,"<div class=""product-info-container"" style=""display:none"">
    <div style=""clear:both; height:10px""> </div>
    <section class=""product-info-section description hidden"">
      <h2>Information</h2>
      <div class=""details"" itemprop=""description""></div>
    </section>
    <section class=""product-info-section general-info hidden"">
      <h2>General Information</h2>
      <div class=""details"" itemprop=""description""></div>
    </section>
    <section class=""product-info-section miscellaneous hidden"">
      <h2>Miscellaneous</h2>
      <div class=""details"" itemprop=""description""></div>
    </section>
    <section class=""product-info-section druginteractions hidden"">
      <h2>Drug Interactions</h2>
      <div class=""details"" itemprop=""description""></div>
    </section>
    <section class=""product-info-section warnings hidden"">
      <h2>Warnings</h2>
      <div class=""details"" itemprop=""description""></div>
    </section>
    <section class=""product-info-section commonuses hidden"">
      <h2>Common Uses</h2>
      <div class=""details"" itemprop=""description""></div>
    </section>
    <section class=""product-info-section ingredients hidden"">
      <h2>Ingredients</h2>
      <div class=""details"" itemprop=""description""></div>
    </section>
    <section class=""product-info-section directions hidden"">
      <h2>Directions</h2>
      <div class=""details"" itemprop=""description""></div>
    </section>
    <section class=""product-info-section indications hidden"">
      <h2>Indications</h2>
      <div class=""details"" itemprop=""description""></div>
    </section>  
  </div>",https://static.chemistwarehouse.com.au/ams/media/pi/61715/F2D_800.jpg,Blackmores Sugar Balance 90 Tablets
Blackmores Joint Formula Advanced + MSM Booster Powder 190g,Buy Blackmores Joint Formula Advanced + MSM Booster Powder 190g Online at Chemist Warehouse®,"Features and benefits Triple active formulation, combining relevant doses of clinically trialled ingredients: glucosamine, chondroitin and MSM Super concentrate powder: one tub provides 25 days supply Convenient once-a-day dose Orange flavour Additional informationGlucosamine sulfate helps promote joint flexibility, mobility and comfort in osteoarthritis. Glucosamine is a natural structural component of human articular cartilage, tendons and the synovial fluid which lubricates joints.Chondroitin..",45.99,55.99,60190,"Health/Vitamins/Blackmores/Blackmores Arthritis, Joint, Bone & Muscle",0,0,"Features and benefits   Triple active formulation, combining relevant doses of clinically trialled ingredients: glucosamine, chondroitin and MSM  Super concentrate powder: one tub provides 25 days supply  Convenient once-a-day dose  Orange flavour  Additional information  Glucosamine sulfate helps promote joint flexibility, mobility and comfort in osteoarthritis. Glucosamine is a natural structural component of human articular cartilage, tendons and the synovial fluid which lubricates joints. Chondroitin sulfate in cartilage helps to provide resistance and elasticity which helps the cartilage to resist compressive loads. Endogenous chondroitin sulfate plays an important role in the lubrication and nutrition of the joint. Methylsulfonylmethane (MSM) is a good natural source of sulphur,which is a key component for building healthy cartilage and connective tissue. The concentration of sulfur in arthritic cartilage has been shown to be a third less than in healthy cartilage. MSM may enhance the effect of glucosamine in helping to relieve osteoarthritic pain. ","<div class=""product-info-container"" style=""display:block"">
    <div style=""clear:both; height:10px""> </div>
    <section class=""product-info-section description hidden"">
      <h2>Information</h2>
      <div class=""details"" itemprop=""description""></div>
    </section>
    <section class=""product-info-section general-info "">
      <h2>General Information</h2>
      <div class=""details"" itemprop=""description""><p><strong>Features and benefits</strong></p>
<ul>
<li>Triple active formulation, combining relevant doses of clinically trialled ingredients: glucosamine, chondroitin and MSM</li>
<li>Super concentrate powder: one tub provides 25 days supply </li>
<li>Convenient once-a-day dose </li>
<li>Orange flavour </li></ul>
<p><strong>Additional information</strong> <br>Glucosamine sulfate helps promote joint flexibility, mobility and comfort in osteoarthritis. Glucosamine is a natural structural component of human articular cartilage, tendons and the synovial fluid which lubricates joints. <br>Chondroitin sulfate in cartilage helps to provide resistance and elasticity which helps the cartilage to resist compressive loads. Endogenous chondroitin sulfate plays an important role in the lubrication and nutrition of the joint. <br>Methylsulfonylmethane (MSM) is a good natural source of sulphur,which is a key component for building healthy cartilage and connective tissue. The concentration of sulfur in arthritic cartilage has been shown to be a third less than in healthy cartilage. MSM may enhance the effect of glucosamine in helping to relieve osteoarthritic pain. <br></p></div>
    </section>
    <section class=""product-info-section miscellaneous hidden"">
      <h2>Miscellaneous</h2>
      <div class=""details"" itemprop=""description""></div>
    </section>
    <section class=""product-info-section druginteractions hidden"">
      <h2>Drug Interactions</h2>
      <div class=""details"" itemprop=""description""></div>
    </section>
    <section class=""product-info-section warnings "">
      <h2>Warnings</h2>
      <div class=""details"" itemprop=""description"">Contraindications and cautions <br>Glucosamine is derived from seafood. Not recommended for people with seafood allergies. <br>Contains 228 mg sodium per daily dose<br>If symptoms persist, see your healthcare professional. <br>Not suitable for use during pregnancy and breast-feeding <br>May occasionally cause gastrointestinal symptoms. <br></div>
    </section>
    <section class=""product-info-section commonuses hidden"">
      <h2>Common Uses</h2>
      <div class=""details"" itemprop=""description""></div>
    </section>
    <section class=""product-info-section ingredients "">
      <h2>Ingredients</h2>
      <div class=""details"" itemprop=""description"">Active ingredients <br>Glucosamine sulfate sodium chloride complex 1886 mg<br>Equivalent to glucosamine sulfate 1500 mg<br>Chondroitin sulfate-bovine sodium 95% 842 mg<br>(Chondroitin sulfate sodium 800 mg) <br>Dimethylsulfone (MSM) 1500 mg<br></div>
    </section>
    <section class=""product-info-section directions "">
      <h2>Directions</h2>
      <div class=""details"" itemprop=""description"">Dosage <br>Adults- Add 7.5 g (1 metric heaped teaspoon) to food or cold beverages. <br>Takeonce daily or as professionally prescribed. <br>Children under 12 years - Only as professionally prescribed. <br>If symptoms persist see your healthcare professional <br></div>
    </section>
    <section class=""product-info-section indications hidden"">
      <h2>Indications</h2>
      <div class=""details"" itemprop=""description""></div>
    </section>  
  </div>",https://static.chemistwarehouse.com.au/ams/media/pi/60190/F2D_800.jpg,Blackmores Joint Formula Advanced + MSM Booster Powder 190g
Blackmores Nails Hair & Skin 60 Tablets,Buy Blackmores Nails Hair & Skin 60 Tablets Online at Chemist Warehouse®,"Blackmores Nails, Hair and Skin contains a clinically trialled dose of Biotin.Clinical trials indicate that biotin has the following effects on nails: Nails may increase in thickness by 25% Firmer and harder fingernails Reduced splitting and chipping Improvements seen in many people in 12 weeks.Skin, hair and nails are chemically related. Basic requirements for the health of these structures include adequate intakes of nutrients such as protein, essential fatty acids, minerals and vitamins. The ingredients..",14.49,21.49,49248,"Health/Vitamins/Blackmores/Blackmores Nails, Hair & Skin",0,0,"Blackmores Nails, Hair and Skin contains a clinically trialled dose of Biotin. Clinical trials indicate that biotin has the following effects on nails: Nails may increase in thickness by 25% Firmer and harder fingernails Reduced splitting and chipping Improvements seen in many people in 12 weeks. Skin, hair and nails are chemically related. Basic requirements for the health of these structures include adequate intakes of nutrients such as protein, essential fatty acids, minerals and vitamins. The ingredients in Blackmores Nails Hair and Skin support healthy protein and fatty acid metabolism. The formula contains nutrients which have been found to contribute to the health of the nails, hair and skin: Biotin is an essential vitamin which has been found in clinical trials to strengthen soft brittle nails and reduce breaking and splitting after 12 weeks. Silica is concentrated in the nails, hair and skin and contributes to collagen formation. Zinc helps maintain the structural integrity of the nails, hair and skin and is important for a healthy immune system. Vitamin C is important in the production of collagen and for a healthy immune system. Folic acid, iron, manganese, beta-carotene and vitamin B5 all assist with metabolism of nutrients important for nails, hair and skin. ","<div class=""product-info-container"" style=""display:block"">
    <div style=""clear:both; height:10px""> </div>
    <section class=""product-info-section description hidden"">
      <h2>Information</h2>
      <div class=""details"" itemprop=""description""></div>
    </section>
    <section class=""product-info-section general-info "">
      <h2>General Information</h2>
      <div class=""details"" itemprop=""description"">Blackmores Nails, Hair and Skin contains a clinically trialled dose of Biotin.<br>Clinical trials indicate that biotin has the following effects on nails: <br><br>Nails may increase in thickness by 25% <br>Firmer and harder fingernails <br>Reduced splitting and chipping <br>Improvements seen in many people in 12 weeks.<br><br>Skin, hair and nails are chemically related. Basic requirements for the health of these structures include adequate intakes of nutrients such as protein, essential fatty acids, minerals and vitamins. The ingredients in Blackmores Nails Hair and Skin support healthy protein and fatty acid metabolism. The formula contains nutrients which have been found to contribute to the health of the nails, hair and skin: <br>Biotin is an essential vitamin which has been found in clinical trials to strengthen soft brittle nails and reduce breaking and splitting after 12 weeks. <br>Silica is concentrated in the nails, hair and skin and contributes to collagen formation. <br>Zinc helps maintain the structural integrity of the nails, hair and skin and is important for a healthy immune system. <br>Vitamin C is important in the production of collagen and for a healthy immune system. <br>Folic acid, iron, manganese, beta-carotene and vitamin B5 all assist with metabolism of nutrients important for nails, hair and skin.</div>
    </section>
    <section class=""product-info-section miscellaneous hidden"">
      <h2>Miscellaneous</h2>
      <div class=""details"" itemprop=""description""></div>
    </section>
    <section class=""product-info-section druginteractions "">
      <h2>Drug Interactions</h2>
      <div class=""details"" itemprop=""description"">If taking methyldopa, carbidopa, levodopa, thyroid hormone, penicillamine, tetracycline or quinolone antibiotics or biphosphonates (osteoporosis drugs), separate doses by at least 2 hours. Iron and zinc may decrease the absorption and efficacy of these medications.</div>
    </section>
    <section class=""product-info-section warnings hidden"">
      <h2>Warnings</h2>
      <div class=""details"" itemprop=""description""></div>
    </section>
    <section class=""product-info-section commonuses hidden"">
      <h2>Common Uses</h2>
      <div class=""details"" itemprop=""description""></div>
    </section>
    <section class=""product-info-section ingredients "">
      <h2>Ingredients</h2>
      <div class=""details"" itemprop=""description"">Active Ingredients Per Tablet 
 
Silica colloidal anhydrous 18mg 
Silicon dioxide (Total silica equiv.25mg)  7mg 
Equisetum arvense (Horsetail) extract equiv. to dry stem  460mg 
Vitamin C (Ascorbic acid)  30mg 
Folic acid  150mcg 
Vitamin B5 (Pantothenic acid from calcium 
pantothenate 21.8mg)  20mg 
Ferrous fumarate (Iron 3mg)  9.45mg 
Zinc amino acid chelate (Zinc 7.5mg)  37.5mg 
Manganese amino acid chelate (Manganese 1mg)  10mg 
Biotin  1.25mg 
Beta-carotene  1mg</div>
    </section>
    <section class=""product-info-section directions "">
      <h2>Directions</h2>
      <div class=""details"" itemprop=""description"">Adults - Take 2 tablets per day with meals, or as professionally prescribed.
Children (under 12 years) - Only as professionally prescribed</div>
    </section>
    <section class=""product-info-section indications hidden"">
      <h2>Indications</h2>
      <div class=""details"" itemprop=""description""></div>
    </section>  
  </div>",https://static.chemistwarehouse.com.au/ams/media/pi/49248/F2D_800.jpg,Blackmores Nails Hair & Skin 60 Tablets
Cenovis Odourless Cod Liver Oil 150 Capsules,Buy Cenovis Odourless Cod Liver Oil 150 Capsules Online at Chemist Warehouse®,Cod Liver Oil is a natural source of Omega 3 rich in Vitamins A and D Cenovis Odourless Cod Liver Oil is a natural source of Omega 3 rich in Vitamins A and D:- Vitamin A is an antioxidant that maintains healthy eyes and skin and also supports respiratory health- Vitamin D plays a role in maintaining a healthy immune system and healthy muscles.,5.99,11.99,78517,Health/Vitamins/Cenovis/Cenovis Fish Oil,0,0,Cod Liver Oil is a natural source of Omega 3 rich in Vitamins A and D Cenovis Odourless Cod Liver Oil is a natural source of Omega 3 rich in Vitamins A and D: - Vitamin A is an antioxidant that maintains healthy eyes and skin and also supports respiratory health - Vitamin D plays a role in maintaining a healthy immune system and healthy muscles. ,"<div class=""product-info-container"" style=""display:block"">
    <div style=""clear:both; height:10px""> </div>
    <section class=""product-info-section description hidden"">
      <h2>Information</h2>
      <div class=""details"" itemprop=""description""></div>
    </section>
    <section class=""product-info-section general-info "">
      <h2>General Information</h2>
      <div class=""details"" itemprop=""description"">Cod Liver Oil is a natural source of Omega 3 rich in Vitamins A and D Cenovis Odourless Cod Liver Oil is a natural source of Omega 3 rich in Vitamins A and D:<br><br>- Vitamin A is an antioxidant that maintains healthy eyes and skin and also supports respiratory health<br>- Vitamin D plays a role in maintaining a healthy immune system and healthy muscles.</div>
    </section>
    <section class=""product-info-section miscellaneous hidden"">
      <h2>Miscellaneous</h2>
      <div class=""details"" itemprop=""description""></div>
    </section>
    <section class=""product-info-section druginteractions hidden"">
      <h2>Drug Interactions</h2>
      <div class=""details"" itemprop=""description""></div>
    </section>
    <section class=""product-info-section warnings "">
      <h2>Warnings</h2>
      <div class=""details"" itemprop=""description"">When taken in excess of 3000 mcg R.E. (retinol equivalents) Vitamin A can cause birth defects. If you are pregnant, or considering becoming pregnant, do not take Vitamin A supplements without consulting your doctor or pharmacist. The recommended daily amount of Vitamin A from all sources is 700mcg R.E (2330IU) for women and 900mcg R.E (3000IU) for men.</div>
    </section>
    <section class=""product-info-section commonuses hidden"">
      <h2>Common Uses</h2>
      <div class=""details"" itemprop=""description""></div>
    </section>
    <section class=""product-info-section ingredients "">
      <h2>Ingredients</h2>
      <div class=""details"" itemprop=""description"">Cod Liver Oil 275mg equiv. Vitamin A (Retinyl palmitate 72mcg R.E.) 240IU and Vitamin D3 (Cholecalciferol 0.67mcg) 27IU. Contains orange oil.</div>
    </section>
    <section class=""product-info-section directions hidden"">
      <h2>Directions</h2>
      <div class=""details"" itemprop=""description""></div>
    </section>
    <section class=""product-info-section indications hidden"">
      <h2>Indications</h2>
      <div class=""details"" itemprop=""description""></div>
    </section>  
  </div>",https://static.chemistwarehouse.com.au/ams/media/pi/78517/2DF_800.jpg,Cenovis Odourless Cod Liver Oil 150 Capsules
Cenovis Odourless Fish Oil 1500mg 200 Capsules,Buy Cenovis Odourless Fish Oil 1500mg 200 Capsules Online at Chemist Warehouse®,"Cenovis Odourless Fish Oil 1500mg contains 50% more Omega-3 than regular 1000mg fish oil, providing increased health benefits with each capsule.Omega 3 may help to increase joint mobility and may help reduce the joint inflammation and swelling associated with mild arthritis. Cenovis Odourless Fish Oil 1500mg also supports heart and cardiovascular health by supporting healthy blood pressure and may even help maintain healthy LDL:HDL cholesterol ratio in healthy people.Containing 50% more Omega 3 than..",10.99,21.99,78526,Health/Vitamins/Cenovis/Cenovis Fish Oil,0,0,"Cenovis Odourless Fish Oil 1500mg contains 50% more Omega-3 than regular 1000mg fish oil, providing increased health benefits with each capsule. Omega 3 may help to increase joint mobility and may help reduce the joint inflammation and swelling associated with mild arthritis. Cenovis Odourless Fish Oil 1500mg also supports heart and cardiovascular health by supporting healthy blood pressure and may even help maintain healthy LDL:HDL cholesterol ratio in healthy people. Containing 50% more Omega 3 than regular 1000mg fish oil resulting in the need to take less capsules for the same dose. May increase joint mobility and may reduce the joint inflammation and swelling associated with mild arthritis. Supports heart and cardiovascular health. When taken during pregnancy, it contributes to the maintenance of normal brain function in healthy infants and the development and function of the visual system during early fetal development. ","<div class=""product-info-container"" style=""display:block"">
    <div style=""clear:both; height:10px""> </div>
    <section class=""product-info-section description hidden"">
      <h2>Information</h2>
      <div class=""details"" itemprop=""description""></div>
    </section>
    <section class=""product-info-section general-info "">
      <h2>General Information</h2>
      <div class=""details"" itemprop=""description""><p>Cenovis Odourless Fish Oil 1500mg contains 50% more Omega-3 than regular 1000mg fish oil, providing increased health benefits with each capsule.</p><p>Omega 3 may help to increase joint mobility and may help reduce the joint inflammation and swelling associated with mild arthritis. Cenovis Odourless Fish Oil 1500mg also supports heart and cardiovascular health by supporting healthy blood pressure and may even help maintain healthy LDL:HDL cholesterol ratio in healthy people.</p><ul><li>Containing 50% more Omega 3 than regular 1000mg fish oil resulting in the need to take less capsules for the same dose.</li><li>May increase joint mobility and may reduce the joint inflammation and swelling associated with mild arthritis. Supports heart and cardiovascular health.</li><li>When taken during pregnancy, it contributes to the maintenance of normal brain function in healthy infants and the development and function of the visual system during early fetal development.</li></ul></div>
    </section>
    <section class=""product-info-section miscellaneous hidden"">
      <h2>Miscellaneous</h2>
      <div class=""details"" itemprop=""description""></div>
    </section>
    <section class=""product-info-section druginteractions hidden"">
      <h2>Drug Interactions</h2>
      <div class=""details"" itemprop=""description""></div>
    </section>
    <section class=""product-info-section warnings "">
      <h2>Warnings</h2>
      <div class=""details"" itemprop=""description"">Not to be used by children under 2 years of age without medical advice</div>
    </section>
    <section class=""product-info-section commonuses hidden"">
      <h2>Common Uses</h2>
      <div class=""details"" itemprop=""description""></div>
    </section>
    <section class=""product-info-section ingredients "">
      <h2>Ingredients</h2>
      <div class=""details"" itemprop=""description"">Fish Oil natural (1.5g) 1500mg containing omega-3 marine triglycerides 450mg</div>
    </section>
    <section class=""product-info-section directions hidden"">
      <h2>Directions</h2>
      <div class=""details"" itemprop=""description""></div>
    </section>
    <section class=""product-info-section indications hidden"">
      <h2>Indications</h2>
      <div class=""details"" itemprop=""description""></div>
    </section>  
  </div>",https://static.chemistwarehouse.com.au/ams/media/pi/78526/2DF_800.jpg,Cenovis Odourless Fish Oil 1500mg 200 Capsules
Blackmores Odourless Fish Oil 400 Mini Capsules,Buy Blackmores Odourless Fish Oil 400 Mini Capsules Online at Chemist Warehouse®,,22.99,44.99,75526,Health/Vitamins/Blackmores/Blackmores Fish Oil,0,0,,"<div class=""product-info-container"" style=""display:none"">
    <div style=""clear:both; height:10px""> </div>
    <section class=""product-info-section description hidden"">
      <h2>Information</h2>
      <div class=""details"" itemprop=""description""></div>
    </section>
    <section class=""product-info-section general-info hidden"">
      <h2>General Information</h2>
      <div class=""details"" itemprop=""description""></div>
    </section>
    <section class=""product-info-section miscellaneous hidden"">
      <h2>Miscellaneous</h2>
      <div class=""details"" itemprop=""description""></div>
    </section>
    <section class=""product-info-section druginteractions hidden"">
      <h2>Drug Interactions</h2>
      <div class=""details"" itemprop=""description""></div>
    </section>
    <section class=""product-info-section warnings hidden"">
      <h2>Warnings</h2>
      <div class=""details"" itemprop=""description""></div>
    </section>
    <section class=""product-info-section commonuses hidden"">
      <h2>Common Uses</h2>
      <div class=""details"" itemprop=""description""></div>
    </section>
    <section class=""product-info-section ingredients hidden"">
      <h2>Ingredients</h2>
      <div class=""details"" itemprop=""description""></div>
    </section>
    <section class=""product-info-section directions hidden"">
      <h2>Directions</h2>
      <div class=""details"" itemprop=""description""></div>
    </section>
    <section class=""product-info-section indications hidden"">
      <h2>Indications</h2>
      <div class=""details"" itemprop=""description""></div>
    </section>  
  </div>",https://static.chemistwarehouse.com.au/ams/media/pi/75526/F2D_800.jpg,Blackmores Odourless Fish Oil 400 Mini Capsules
Blackmores Odourless Fish Oil 1000mg Bulk Pack 500 Capsules,Buy Blackmores Odourless Fish Oil 1000mg Bulk Pack 500 Capsules Online at Chemist Warehouse®,"Bulk Pack - 500 capsules, 1000mg Odorless Capsules Natural Source of Omega 3s Omega 3s for those who don't eat enough fishMaintains Heart, brain and joint healthOdourless without the use of artificial surfactants Mercury tested and surfacant free.",24.99,31.99,66423,Health/Vitamins/Blackmores/Blackmores Fish Oil,0,0,"Bulk Pack - 500 capsules, 1000mg Odorless Capsules  Natural Source of Omega 3s  Omega 3s for those who don't eat enough fish Maintains Heart, brain and joint health Odourless without the use of artificial surfactants  Mercury tested and surfacant free. ","<div class=""product-info-container"" style=""display:block"">
    <div style=""clear:both; height:10px""> </div>
    <section class=""product-info-section description hidden"">
      <h2>Information</h2>
      <div class=""details"" itemprop=""description""></div>
    </section>
    <section class=""product-info-section general-info "">
      <h2>General Information</h2>
      <div class=""details"" itemprop=""description""><p>Bulk Pack - 500 capsules, 1000mg Odorless Capsules</p>
<p>Natural Source of Omega 3s</p>
<p>Omega 3s for those who don't eat enough fish<br>Maintains Heart, brain and joint health<br>Odourless without the use of artificial surfactants</p>
<p>Mercury tested and surfacant free.</p></div>
    </section>
    <section class=""product-info-section miscellaneous hidden"">
      <h2>Miscellaneous</h2>
      <div class=""details"" itemprop=""description""></div>
    </section>
    <section class=""product-info-section druginteractions hidden"">
      <h2>Drug Interactions</h2>
      <div class=""details"" itemprop=""description""></div>
    </section>
    <section class=""product-info-section warnings "">
      <h2>Warnings</h2>
      <div class=""details"" itemprop=""description"">High doses of fish oil (10 or more capsules per day) may increase the risk of bleeding with blood-thinning medications and should not be taken in the week before surgery</div>
    </section>
    <section class=""product-info-section commonuses hidden"">
      <h2>Common Uses</h2>
      <div class=""details"" itemprop=""description""></div>
    </section>
    <section class=""product-info-section ingredients "">
      <h2>Ingredients</h2>
      <div class=""details"" itemprop=""description"">Fish oil (Natural) containing omega-3 marine triglycerides 300 mg as:   1g (1000mg)<br>     Eicosapentaenoic Acid (EPA)      180mg<br>     Docosahexaenoic Acid (DHA)     120mg<br></div>
    </section>
    <section class=""product-info-section directions "">
      <h2>Directions</h2>
      <div class=""details"" itemprop=""description""><p>As an omega-3 supplement:<br>Adults - Take 2 capsules a day with a meal, or as professionally prescribed.<br>Children 2-12 years - Take 1 capsule a day (pierce and squeeze into milk, juice or cereal), or as professionally prescribed.</p>
<p>For joint inflammation:<br>Adults - Take up to 4 capsules 3 times a day with meals, or as professionally prescribed.<br>Children under 12 years - Only as professionally prescribed.</p></div>
    </section>
    <section class=""product-info-section indications hidden"">
      <h2>Indications</h2>
      <div class=""details"" itemprop=""description""></div>
    </section>  
  </div>",https://static.chemistwarehouse.com.au/ams/media/pi/66423/F2D_800.jpg,Blackmores Odourless Fish Oil 1000mg Bulk Pack 500 Capsules
Cenovis Stress Relief 60 Tablets,Buy Cenovis Stress Relief 60 Tablets Online at Chemist Warehouse®,"Cenovis Stress Relief contains a natural, calming herb Hops together with Rhodiola and B Vitamins, which helps maintain normal mental and physical performance during times of stress.Cenovis Stress Relief is formulated with nutrients which may help withstress, anxiety and mental fatigue. It contains hops, a natural, calming herb.Product Benefits:Stress Relief contains Hops, Rhodiola and B Vitamins,to help maintain normal mental and physicalperformance during times of stressMay reduce the effects of..",9.99,19.99,78525,Health/Vitamins/Cenovis/Cenovis Energy & Stress,0,0,"Cenovis Stress Relief contains a natural, calming herb Hops together with Rhodiola and B Vitamins, which helps maintain normal mental and physical performance during times of stress. Cenovis Stress Relief is formulated with nutrients which may help with stress, anxiety and mental fatigue. It contains hops, a natural, calming herb. Product Benefits: Stress Relief contains Hops, Rhodiola and B Vitamins, to help maintain normal mental and physical performance during times of stress May reduce the effects of mild anxiety, improve stamina and endurance Did You Know: The pressure of balancing work, life and family can be challenging and take its toll on your body Rhodiola acts as an adaptogen, helping the body to adapt under stressful situations Hops may help calm the nerves Customer Profile: Formulated for customers looking for a supplement which may help with stress, anxiety and mental fatigue Customers looking for a supplement to help them cope with the pressure of balancing work, life and family Customer who may be going through a stressful period in their life ","<div class=""product-info-container"" style=""display:block"">
    <div style=""clear:both; height:10px""> </div>
    <section class=""product-info-section description hidden"">
      <h2>Information</h2>
      <div class=""details"" itemprop=""description""></div>
    </section>
    <section class=""product-info-section general-info "">
      <h2>General Information</h2>
      <div class=""details"" itemprop=""description""><p>Cenovis Stress Relief contains a natural, calming herb Hops together with Rhodiola and B Vitamins, which helps maintain normal mental and physical performance during times of stress.</p><p>Cenovis Stress Relief is formulated with nutrients which may help with stress, anxiety and mental fatigue. It contains hops, a natural, calming herb.</p><p><strong>Product Benefits:</strong></p><ul><li>Stress Relief contains Hops, Rhodiola and B Vitamins, <br>to help maintain normal mental and physical<br>performance during times of stress</li><li>May reduce the effects of mild anxiety, improve stamina and endurance</li></ul><p><strong>Did You Know:</strong></p><ul><li>The pressure of balancing work, life and family<br>can be challenging and take its toll on your body<br>Rhodiola acts as an adaptogen, helping the body<br>to adapt under stressful situations</li><li>Hops may help calm the nerves</li></ul><p><strong>Customer Profile:</strong></p><ul><li>Formulated for customers looking for a supplement<br>which may help with stress, anxiety and<br>mental fatigue</li><li>Customers looking for a supplement to help<br>them cope with the pressure of balancing work,<br>life and family</li><li>Customer who may be going through a stressful<br>period in their life</li></ul></div>
    </section>
    <section class=""product-info-section miscellaneous hidden"">
      <h2>Miscellaneous</h2>
      <div class=""details"" itemprop=""description""></div>
    </section>
    <section class=""product-info-section druginteractions hidden"">
      <h2>Drug Interactions</h2>
      <div class=""details"" itemprop=""description""></div>
    </section>
    <section class=""product-info-section warnings "">
      <h2>Warnings</h2>
      <div class=""details"" itemprop=""description"">CAUTIONS:<br>Always read the label. Use only as directed. <br>Vitamin supplements should not replace a balanced diet.<br>If symptoms persist see your healthcare professional. <br>See your healthcare professional before use if pregnant or lactating. <p>CAUTION</p> See your healthcare professional before use if pregnant or lactating. If symptoms persist consult your healthcare professional. Vitamin supplements should not replace a balanced diet.</div>
    </section>
    <section class=""product-info-section commonuses hidden"">
      <h2>Common Uses</h2>
      <div class=""details"" itemprop=""description""></div>
    </section>
    <section class=""product-info-section ingredients "">
      <h2>Ingredients</h2>
      <div class=""details"" itemprop=""description"">Each tablet contains:<br>Rhodiola rosea (Arctic root) extract equiv. to dry root 400mg<br>Humulus lupulus (Hops) extract equiv. to dry flower 500mg<br>Vitamin B6 (Pyridoxine hydrochloride) 25mg<br>Vitamin B12 (Cyanocobalamin) 30mcg<br>Vitamin B5 (Calcium pantothenate) 75mg</div>
    </section>
    <section class=""product-info-section directions hidden"">
      <h2>Directions</h2>
      <div class=""details"" itemprop=""description""></div>
    </section>
    <section class=""product-info-section indications hidden"">
      <h2>Indications</h2>
      <div class=""details"" itemprop=""description""></div>
    </section>  
  </div>",https://static.chemistwarehouse.com.au/ams/media/pi/78525/2DF_800.jpg,Cenovis Stress Relief 60 Tablets
Blackmores Vitamin B12 (Cyanocobalamin) 100mcg 75 Tablets,Buy Blackmores Vitamin B12 (Cyanocobalamin) 100mcg 75 Tablets Online at Chemist Warehouse®,"Blackmores Vitamin B12 (Cyanocobalamin) 100mcgVitamins are vital participants in many biochemical reactions, including the regulation of metabolism and conversion of foods to energy. Vitamin B12 helps maintain normal blood and may be required to reduce the risk of deficiency in people on strict vegetarian diets.Vitamin B12 plays a vital role in fat and carbohydrate metabolism and protein synthesis. It is essential for the transport and storage of folate in cells and into the active form. Vitamin..",9.49,12.49,31334,Health/Vitamins/Blackmores/Blackmores Energy,0,1,"Blackmores Vitamin B12 (Cyanocobalamin) 100mcg Vitamins are vital participants in many biochemical reactions, including the regulation of metabolism and conversion of foods to energy. Vitamin B12 helps maintain normal blood and may be required to reduce the risk of deficiency in people on strict vegetarian diets. Vitamin B12 plays a vital role in fat and carbohydrate metabolism and protein synthesis. It is essential for the transport and storage of folate in cells and into the active form. Vitamin B12 is necessary for the production of genetic material and is required for the normal functioning of blood cells. ","<div class=""product-info-container"" style=""display:block"">
    <div style=""clear:both; height:10px""> </div>
    <section class=""product-info-section description hidden"">
      <h2>Information</h2>
      <div class=""details"" itemprop=""description""></div>
    </section>
    <section class=""product-info-section general-info "">
      <h2>General Information</h2>
      <div class=""details"" itemprop=""description""><b>Blackmores Vitamin B12 (Cyanocobalamin) 100mcg</b><br><br>Vitamins are vital participants in many biochemical reactions, including the regulation of metabolism and conversion of foods to energy. Vitamin B12 helps maintain normal blood and may be required to reduce the risk of deficiency in people on strict vegetarian diets.<br><br>Vitamin B12 plays a vital role in fat and carbohydrate metabolism and protein synthesis. It is essential for the transport and storage of folate in cells and into the active form. Vitamin B12 is necessary for the production of genetic material and is required for the normal functioning of blood cells.</div>
    </section>
    <section class=""product-info-section miscellaneous hidden"">
      <h2>Miscellaneous</h2>
      <div class=""details"" itemprop=""description""></div>
    </section>
    <section class=""product-info-section druginteractions hidden"">
      <h2>Drug Interactions</h2>
      <div class=""details"" itemprop=""description""></div>
    </section>
    <section class=""product-info-section warnings "">
      <h2>Warnings</h2>
      <div class=""details"" itemprop=""description"">Prolonged use of high dosages of individual B group vitamins should be accompanied by a Balanced B Complex supplement.</div>
    </section>
    <section class=""product-info-section commonuses hidden"">
      <h2>Common Uses</h2>
      <div class=""details"" itemprop=""description""></div>
    </section>
    <section class=""product-info-section ingredients "">
      <h2>Ingredients</h2>
      <div class=""details"" itemprop=""description"">Active ingredient per tablet:
Vitamin B12 (Cyanocobalamin) 100mcg.</div>
    </section>
    <section class=""product-info-section directions "">
      <h2>Directions</h2>
      <div class=""details"" itemprop=""description"">Adults:
Take one tablet twice daily with meals, or as professionally prescribed.<br><br>
Children 6-12 years:
As professionally prescribed.</div>
    </section>
    <section class=""product-info-section indications hidden"">
      <h2>Indications</h2>
      <div class=""details"" itemprop=""description""></div>
    </section>  
  </div>",https://static.chemistwarehouse.com.au/ams/media/pi/31334/F2D_800.jpg,Blackmores Vitamin B12 (Cyanocobalamin) 100mcg 75 Tablets
Blackmores Glucosamine 1000mg 300 Tablets,Buy Blackmores Glucosamine 1000mg 300 Tablets Online at Chemist Warehouse®,,50.49,69.99,58932,"Health/Vitamins/Blackmores/Blackmores Arthritis, Joint, Bone & Muscle",0,0,,"<div class=""product-info-container"" style=""display:none"">
    <div style=""clear:both; height:10px""> </div>
    <section class=""product-info-section description hidden"">
      <h2>Information</h2>
      <div class=""details"" itemprop=""description""></div>
    </section>
    <section class=""product-info-section general-info hidden"">
      <h2>General Information</h2>
      <div class=""details"" itemprop=""description""></div>
    </section>
    <section class=""product-info-section miscellaneous hidden"">
      <h2>Miscellaneous</h2>
      <div class=""details"" itemprop=""description""></div>
    </section>
    <section class=""product-info-section druginteractions hidden"">
      <h2>Drug Interactions</h2>
      <div class=""details"" itemprop=""description""></div>
    </section>
    <section class=""product-info-section warnings hidden"">
      <h2>Warnings</h2>
      <div class=""details"" itemprop=""description""></div>
    </section>
    <section class=""product-info-section commonuses hidden"">
      <h2>Common Uses</h2>
      <div class=""details"" itemprop=""description""></div>
    </section>
    <section class=""product-info-section ingredients hidden"">
      <h2>Ingredients</h2>
      <div class=""details"" itemprop=""description""></div>
    </section>
    <section class=""product-info-section directions hidden"">
      <h2>Directions</h2>
      <div class=""details"" itemprop=""description""></div>
    </section>
    <section class=""product-info-section indications hidden"">
      <h2>Indications</h2>
      <div class=""details"" itemprop=""description""></div>
    </section>  
  </div>",https://static.chemistwarehouse.com.au/ams/media/pi/58932/F2D_800.jpg,Blackmores Glucosamine 1000mg 300 Tablets
Gillette Fusion Proglide Sensitive Shaving Foam Active Sport 245g,Buy Gillette Fusion Proglide Sensitive Shaving Foam Active Sport 245g Online at Chemist Warehouse®,"Gillette Fusion ProGlide Sensitive Shave Foam Active Sport provides 2 in 1 formula with foam and skin care to bring you skin which feels soft and smooth, every shave. Our Best Shave foam. Skin Feels Cool & Refreshed.Introducing an innovation in shaving cream: Gillette's 2-in-1 formula includes shave foam with the shave foam you already know and trust. Gillette Fusion ProGlide Sensitive Shaving Foam brings you a smooth shave from start to finish with a specialised formula that hydrates to soften..",4.99,8.49,74876,Personal Care/Men's Toiletries/Men's Shavers & Blades/Gillette Men's Shavers & Blades/Gillette Fusion Proglide,0,0,"Gillette Fusion ProGlide Sensitive Shave Foam Active Sport provides 2 in 1 formula with foam and skin care to bring you skin which feels soft and smooth, every shave. Our Best Shave foam. Skin Feels Cool &amp; Refreshed. Introducing an innovation in shaving cream: Gillette's 2-in-1 formula includes shave foam with the shave foam you already know and trust. Gillette Fusion ProGlide Sensitive Shaving Foam brings you a smooth shave from start to finish with a specialised formula that hydrates to soften hair, protects your skin and improves razor glide for an incredible and close shave. Skin feels soft and smooth, every shave. Our Best Shave foam. Skin Feels Cool &amp; Refreshed. Gillette: the best a man can get. The Best a Man Can Get Suitable For: Skin Care  Product Claims: soft &amp; smooth every shave. Our Best Shave foam. Skin Feels Cool &amp; Refreshed.  Size: 245g  KEY FEATURES • Our 2-in-1 formula provides our best shave foam combined with powerful skin care that leaves your skin feeling smooth, soft, cool and refreshed. • Three effective lubricants enhance razor glide for a smooth, comfortable shave that helps protect your skin against nicks, redness and tightness. • Spreads easily and rinses clean for easy application and cleanup. ","<div class=""product-info-container"" style=""display:block"">
    <div style=""clear:both; height:10px""> </div>
    <section class=""product-info-section description hidden"">
      <h2>Information</h2>
      <div class=""details"" itemprop=""description""></div>
    </section>
    <section class=""product-info-section general-info "">
      <h2>General Information</h2>
      <div class=""details"" itemprop=""description"">Gillette Fusion ProGlide Sensitive Shave Foam Active Sport provides 2 in 1 formula with foam and skin care to bring you skin which feels soft and smooth, every shave. Our Best Shave foam. Skin Feels Cool &amp; Refreshed.<p>Introducing an innovation in shaving cream: Gillette's 2-in-1 formula includes shave foam with the shave foam you already know and trust. Gillette Fusion ProGlide Sensitive Shaving Foam brings you a smooth shave from start to finish with a specialised formula that hydrates to soften hair, protects your skin and improves razor glide for an incredible and close shave.</p><p>Skin feels soft and smooth, every shave. Our Best Shave foam. Skin Feels Cool &amp; Refreshed.</p><p>Gillette: the best a man can get.</p>The Best a Man Can Get <p>Suitable For: Skin Care</p>  <p>Product Claims: soft &amp; smooth every shave. Our Best Shave foam. Skin Feels Cool &amp; Refreshed.</p>  <p>Size: 245g</p>  <p>KEY FEATURES</p> • Our 2-in-1 formula provides our best shave foam combined with powerful skin care that leaves your skin feeling smooth, soft, cool and refreshed.<br>• Three effective lubricants enhance razor glide for a smooth, comfortable shave that helps protect your skin against nicks, redness and tightness.<br>• Spreads easily and rinses clean for easy application and cleanup.<br></div>
    </section>
    <section class=""product-info-section miscellaneous hidden"">
      <h2>Miscellaneous</h2>
      <div class=""details"" itemprop=""description""></div>
    </section>
    <section class=""product-info-section druginteractions hidden"">
      <h2>Drug Interactions</h2>
      <div class=""details"" itemprop=""description""></div>
    </section>
    <section class=""product-info-section warnings "">
      <h2>Warnings</h2>
      <div class=""details"" itemprop=""description"">Pressurised dispenser. Do not pierce or burn, even after use. Intentional misuse by deliberately concentrating and inhaling contents can be harmful or fatal. <p>CAUTION</p> Keep out of reach of children. <p>FLAMMABLE WARNING</p> Extremely Flammable. Do not spray on a naked flame or any incandescent material. Keep away from sources of Ignition - No Smoking. <p>HAZMAT Class: 2 - Gases</p> </div>
    </section>
    <section class=""product-info-section commonuses hidden"">
      <h2>Common Uses</h2>
      <div class=""details"" itemprop=""description""></div>
    </section>
    <section class=""product-info-section ingredients "">
      <h2>Ingredients</h2>
      <div class=""details"" itemprop=""description"">Water, Triethanolamine, Palmitic Acid, Stearic Acid, Laureth-23, Butane, Isobutane, Sodium Lauryl Sulfate, Fragrance, Propane, Dimethicone, Glycerin, Menthol, BHT</div>
    </section>
    <section class=""product-info-section directions "">
      <h2>Directions</h2>
      <div class=""details"" itemprop=""description""> <p>USAGE ADVICE</p> Use only as directed. <p>STORAGE INSTRUCTIONS</p> Protect from sunlight and do not expose to temperatures exceeding 50°C<br> <p>Recyclable Packaging?: Yes</p> </div>
    </section>
    <section class=""product-info-section indications hidden"">
      <h2>Indications</h2>
      <div class=""details"" itemprop=""description""></div>
    </section>  
  </div>",https://static.chemistwarehouse.com.au/ams/media/pi/74876/2DF_800.jpg,Gillette Fusion Proglide Sensitive Shaving Foam Active Sport 245g
